/*
Navicat MySQL Data Transfer
Date: 2019-05-21 15:44:19
*/

SET FOREIGN_KEY_CHECKS=0;

-- ----------------------------
-- Table structure for ums_admin
-- ----------------------------
DROP TABLE IF EXISTS `ums_admin`;
CREATE TABLE `ums_admin` (
  `id` bigint(20) NOT NULL AUTO_INCREMENT,
  `username` varchar(64) DEFAULT NULL,
  `password` varchar(64) DEFAULT NULL,
  `icon` varchar(500) DEFAULT NULL COMMENT '头像',
  `email` varchar(100) DEFAULT NULL COMMENT '邮箱',
  `nick_name` varchar(200) DEFAULT NULL COMMENT '昵称',
  `note` varchar(500) DEFAULT NULL COMMENT '备注信息',
  `create_time` datetime DEFAULT NULL COMMENT '创建时间',
  `login_time` datetime DEFAULT NULL COMMENT '最后登录时间',
  `status` int(1) DEFAULT '1' COMMENT '帐号启用状态：0->禁用；1->启用',
  PRIMARY KEY (`id`)
) ENGINE=InnoDB AUTO_INCREMENT=5 DEFAULT CHARSET=utf8 COMMENT='后台用户表';

-- ----------------------------
-- Records of ums_admin
-- ----------------------------
INSERT INTO `ums_admin` VALUES ('1', 'test', '$2a$10$NZ5o7r2E.ayT2ZoxgjlI.eJ6OEYqjH7INR/F.mXDbjZJi9HF0YCVG', 'http://root-oss.oss-cn-shenzhen.aliyuncs.com/mall/images/20180607/timg.jpg', null, '测试账号', null, '2018-09-29 13:55:30', '2018-09-29 13:55:39', '1');
INSERT INTO `ums_admin` VALUES ('3', 'admin', '$2a$10$NZ5o7r2E.ayT2ZoxgjlI.eJ6OEYqjH7INR/F.mXDbjZJi9HF0YCVG', 'http://root-oss.oss-cn-shenzhen.aliyuncs.com/mall/images/20190129/170157_yIl3_1767531.jpg', 'admin@163.com', '系统管理员', '系统管理员', '2018-10-08 13:32:47', '2019-03-20 15:38:50', '1');

-- ----------------------------
-- Table structure for ums_admin_permission_relation
-- ----------------------------
DROP TABLE IF EXISTS `ums_admin_permission_relation`;
CREATE TABLE `ums_admin_permission_relation` (
  `id` bigint(20) NOT NULL AUTO_INCREMENT,
  `admin_id` bigint(20) DEFAULT NULL,
  `permission_id` bigint(20) DEFAULT NULL,
  `type` int(1) DEFAULT NULL,
  PRIMARY KEY (`id`)
) ENGINE=InnoDB DEFAULT CHARSET=utf8 COMMENT='后台用户和权限关系表(除角色中定义的权限以外的加减权限)';

-- ----------------------------
-- Records of ums_admin_permission_relation
-- ----------------------------

-- ----------------------------
-- Table structure for ums_admin_role_relation
-- ----------------------------
DROP TABLE IF EXISTS `ums_admin_role_relation`;
CREATE TABLE `ums_admin_role_relation` (
  `id` bigint(20) NOT NULL AUTO_INCREMENT,
  `admin_id` bigint(20) DEFAULT NULL,
  `role_id` bigint(20) DEFAULT NULL,
  PRIMARY KEY (`id`)
) ENGINE=InnoDB AUTO_INCREMENT=17 DEFAULT CHARSET=utf8 COMMENT='后台用户和角色关系表';

-- ----------------------------
-- Records of ums_admin_role_relation
-- ----------------------------
INSERT INTO `ums_admin_role_relation` VALUES ('13', '3', '1');
INSERT INTO `ums_admin_role_relation` VALUES ('15', '3', '2');
INSERT INTO `ums_admin_role_relation` VALUES ('16', '3', '4');

-- ----------------------------
-- Table structure for ums_member
-- ----------------------------
DROP TABLE IF EXISTS `ums_member`;
CREATE TABLE `ums_member` (
  `id` bigint(20) NOT NULL AUTO_INCREMENT,
  `member_level_id` bigint(20) DEFAULT NULL,
  `username` varchar(64) DEFAULT NULL COMMENT '用户名',
  `password` varchar(64) DEFAULT NULL COMMENT '密码',
  `nickname` varchar(64) DEFAULT NULL COMMENT '昵称',
  `phone` varchar(64) DEFAULT NULL COMMENT '手机号码',
  `status` int(1) DEFAULT NULL COMMENT '帐号启用状态:0->禁用；1->启用',
  `create_time` datetime DEFAULT NULL COMMENT '注册时间',
  `icon` varchar(500) DEFAULT NULL COMMENT '头像',
  `gender` int(1) DEFAULT NULL COMMENT '性别：0->未知；1->男；2->女',
  `birthday` date DEFAULT NULL COMMENT '生日',
  `city` varchar(64) DEFAULT NULL COMMENT '所做城市',
  `job` varchar(100) DEFAULT NULL COMMENT '职业',
  `personalized_signature` varchar(200) DEFAULT NULL COMMENT '个性签名',
  `source_type` int(1) DEFAULT NULL COMMENT '用户来源',
  `integration` int(11) DEFAULT NULL COMMENT '积分',
  `growth` int(11) DEFAULT NULL COMMENT '成长值',
  `luckey_count` int(11) DEFAULT NULL COMMENT '剩余抽奖次数',
  `history_integration` int(11) DEFAULT NULL COMMENT '历史积分数量',
  PRIMARY KEY (`id`),
  UNIQUE KEY `idx_username` (`username`),
  UNIQUE KEY `idx_phone` (`phone`)
) ENGINE=InnoDB AUTO_INCREMENT=10 DEFAULT CHARSET=utf8 COMMENT='会员表';

-- ----------------------------
-- Records of ums_member
-- ----------------------------
INSERT INTO `ums_member` VALUES ('1', '4', 'test', '$2a$10$NZ5o7r2E.ayT2ZoxgjlI.eJ6OEYqjH7INR/F.mXDbjZJi9HF0YCVG', 'windir', '18061581849', '1', '2018-08-02 10:35:44', null, '1', '2009-06-01', '上海', '学生', 'test', null, '5000', null, null, null);
INSERT INTO `ums_member` VALUES ('3', '4', 'windy', '$2a$10$NZ5o7r2E.ayT2ZoxgjlI.eJ6OEYqjH7INR/F.mXDbjZJi9HF0YCVG', 'windy', '18061581848', '1', '2018-08-03 16:46:38', null, null, null, null, null, null, null, null, null, null, null);
INSERT INTO `ums_member` VALUES ('4', '4', 'zhengsan', '$2a$10$NZ5o7r2E.ayT2ZoxgjlI.eJ6OEYqjH7INR/F.mXDbjZJi9HF0YCVG', 'zhengsan', '18061581847', '1', '2018-11-12 14:12:04', null, null, null, null, null, null, null, null, null, null, null);
INSERT INTO `ums_member` VALUES ('5', '4', 'lisi', '$2a$10$NZ5o7r2E.ayT2ZoxgjlI.eJ6OEYqjH7INR/F.mXDbjZJi9HF0YCVG', 'lisi', '18061581841', '1', '2018-11-12 14:12:38', null, null, null, null, null, null, null, null, null, null, null);
INSERT INTO `ums_member` VALUES ('6', '4', 'wangwu', '$2a$10$NZ5o7r2E.ayT2ZoxgjlI.eJ6OEYqjH7INR/F.mXDbjZJi9HF0YCVG', 'wangwu', '18061581842', '1', '2018-11-12 14:13:09', null, null, null, null, null, null, null, null, null, null, null);
INSERT INTO `ums_member` VALUES ('7', '4', 'lion', '$2a$10$NZ5o7r2E.ayT2ZoxgjlI.eJ6OEYqjH7INR/F.mXDbjZJi9HF0YCVG', 'lion', '18061581845', '1', '2018-11-12 14:21:39', null, null, null, null, null, null, null, null, null, null, null);
INSERT INTO `ums_member` VALUES ('8', '4', 'shari', '$2a$10$NZ5o7r2E.ayT2ZoxgjlI.eJ6OEYqjH7INR/F.mXDbjZJi9HF0YCVG', 'shari', '18061581844', '1', '2018-11-12 14:22:00', null, null, null, null, null, null, null, null, null, null, null);
INSERT INTO `ums_member` VALUES ('9', '4', 'aewen', '$2a$10$NZ5o7r2E.ayT2ZoxgjlI.eJ6OEYqjH7INR/F.mXDbjZJi9HF0YCVG', 'aewen', '18061581843', '1', '2018-11-12 14:22:55', null, null, null, null, null, null, null, null, null, null, null);

-- ----------------------------
-- Table structure for ums_permission
-- ----------------------------
DROP TABLE IF EXISTS `ums_permission`;
CREATE TABLE `ums_permission` (
  `id` bigint(20) NOT NULL AUTO_INCREMENT,
  `pid` bigint(20) DEFAULT NULL COMMENT '父级权限id',
  `name` varchar(100) DEFAULT NULL COMMENT '名称',
  `value` varchar(200) DEFAULT NULL COMMENT '权限值',
  `icon` varchar(500) DEFAULT NULL COMMENT '图标',
  `type` int(1) DEFAULT NULL COMMENT '权限类型：0->目录；1->菜单；2->按钮（接口绑定权限）',
  `uri` varchar(200) DEFAULT NULL COMMENT '前端资源路径',
  `status` int(1) DEFAULT NULL COMMENT '启用状态；0->禁用；1->启用',
  `create_time` datetime DEFAULT NULL COMMENT '创建时间',
  `sort` int(11) DEFAULT NULL COMMENT '排序',
  PRIMARY KEY (`id`)
) ENGINE=InnoDB AUTO_INCREMENT=19 DEFAULT CHARSET=utf8 COMMENT='后台用户权限表';

-- ----------------------------
-- Records of ums_permission
-- ----------------------------
INSERT INTO `ums_permission` VALUES ('1', '0', '商品', null, null, '0', null, '1', '2018-09-29 16:15:14', '0');
INSERT INTO `ums_permission` VALUES ('2', '1', '商品列表', 'pms:product:read', null, '1', '/pms/product/index', '1', '2018-09-29 16:17:01', '0');
INSERT INTO `ums_permission` VALUES ('3', '1', '添加商品', 'pms:product:create', null, '1', '/pms/product/add', '1', '2018-09-29 16:18:51', '0');
INSERT INTO `ums_permission` VALUES ('4', '1', '商品分类', 'pms:productCategory:read', null, '1', '/pms/productCate/index', '1', '2018-09-29 16:23:07', '0');
INSERT INTO `ums_permission` VALUES ('5', '1', '商品类型', 'pms:productAttribute:read', null, '1', '/pms/productAttr/index', '1', '2018-09-29 16:24:43', '0');
INSERT INTO `ums_permission` VALUES ('6', '1', '品牌管理', 'pms:brand:read', null, '1', '/pms/brand/index', '1', '2018-09-29 16:25:45', '0');
INSERT INTO `ums_permission` VALUES ('7', '2', '编辑商品', 'pms:product:update', null, '2', '/pms/product/updateProduct', '1', '2018-09-29 16:34:23', '0');
INSERT INTO `ums_permission` VALUES ('8', '2', '删除商品', 'pms:product:delete', null, '2', '/pms/product/delete', '1', '2018-09-29 16:38:33', '0');
INSERT INTO `ums_permission` VALUES ('9', '4', '添加商品分类', 'pms:productCategory:create', null, '2', '/pms/productCate/create', '1', '2018-09-29 16:43:23', '0');
INSERT INTO `ums_permission` VALUES ('10', '4', '修改商品分类', 'pms:productCategory:update', null, '2', '/pms/productCate/update', '1', '2018-09-29 16:43:55', '0');
INSERT INTO `ums_permission` VALUES ('11', '4', '删除商品分类', 'pms:productCategory:delete', null, '2', '/pms/productAttr/delete', '1', '2018-09-29 16:44:38', '0');
INSERT INTO `ums_permission` VALUES ('12', '5', '添加商品类型', 'pms:productAttribute:create', null, '2', '/pms/productAttr/create', '1', '2018-09-29 16:45:25', '0');
INSERT INTO `ums_permission` VALUES ('13', '5', '修改商品类型', 'pms:productAttribute:update', null, '2', '/pms/productAttr/update', '1', '2018-09-29 16:48:08', '0');
INSERT INTO `ums_permission` VALUES ('14', '5', '删除商品类型', 'pms:productAttribute:delete', null, '2', '/pms/productAttr/delete', '1', '2018-09-29 16:48:44', '0');
INSERT INTO `ums_permission` VALUES ('15', '6', '添加品牌', 'pms:brand:create', null, '2', '/pms/brand/add', '1', '2018-09-29 16:49:34', '0');
INSERT INTO `ums_permission` VALUES ('16', '6', '修改品牌', 'pms:brand:update', null, '2', '/pms/brand/update', '1', '2018-09-29 16:50:55', '0');
INSERT INTO `ums_permission` VALUES ('17', '6', '删除品牌', 'pms:brand:delete', null, '2', '/pms/brand/delete', '1', '2018-09-29 16:50:59', '0');
INSERT INTO `ums_permission` VALUES ('18', '0', '首页', null, null, '0', null, '1', '2018-09-29 16:51:57', '0');

-- ----------------------------
-- Table structure for ums_role
-- ----------------------------
DROP TABLE IF EXISTS `ums_role`;
CREATE TABLE `ums_role` (
  `id` bigint(20) NOT NULL AUTO_INCREMENT,
  `name` varchar(100) DEFAULT NULL COMMENT '名称',
  `description` varchar(500) DEFAULT NULL COMMENT '描述',
  `admin_count` int(11) DEFAULT NULL COMMENT '后台用户数量',
  `create_time` datetime DEFAULT NULL COMMENT '创建时间',
  `status` int(1) DEFAULT '1' COMMENT '启用状态：0->禁用；1->启用',
  `sort` int(11) DEFAULT '0',
  PRIMARY KEY (`id`)
) ENGINE=InnoDB AUTO_INCREMENT=5 DEFAULT CHARSET=utf8 COMMENT='后台用户角色表';

-- ----------------------------
-- Records of ums_role
-- ----------------------------
INSERT INTO `ums_role` VALUES ('1', '商品管理员', '商品管理员', '0', '2018-09-30 15:46:11', '1', '0');
INSERT INTO `ums_role` VALUES ('2', '商品分类管理员', '商品分类管理员', '0', '2018-09-30 15:53:45', '1', '0');
INSERT INTO `ums_role` VALUES ('3', '商品类型管理员', '商品类型管理员', '0', '2018-09-30 15:53:56', '1', '0');
INSERT INTO `ums_role` VALUES ('4', '品牌管理员', '品牌管理员', '0', '2018-09-30 15:54:12', '1', '0');

-- ----------------------------
-- Table structure for ums_role_permission_relation
-- ----------------------------
DROP TABLE IF EXISTS `ums_role_permission_relation`;
CREATE TABLE `ums_role_permission_relation` (
  `id` bigint(20) NOT NULL AUTO_INCREMENT,
  `role_id` bigint(20) DEFAULT NULL,
  `permission_id` bigint(20) DEFAULT NULL,
  PRIMARY KEY (`id`)
) ENGINE=InnoDB AUTO_INCREMENT=18 DEFAULT CHARSET=utf8 COMMENT='后台用户角色和权限关系表';

-- ----------------------------
-- Records of ums_role_permission_relation
-- ----------------------------
INSERT INTO `ums_role_permission_relation` VALUES ('1', '1', '1');
INSERT INTO `ums_role_permission_relation` VALUES ('2', '1', '2');
INSERT INTO `ums_role_permission_relation` VALUES ('3', '1', '3');
INSERT INTO `ums_role_permission_relation` VALUES ('4', '1', '7');
INSERT INTO `ums_role_permission_relation` VALUES ('5', '1', '8');
INSERT INTO `ums_role_permission_relation` VALUES ('6', '2', '4');
INSERT INTO `ums_role_permission_relation` VALUES ('7', '2', '9');
INSERT INTO `ums_role_permission_relation` VALUES ('8', '2', '10');
INSERT INTO `ums_role_permission_relation` VALUES ('9', '2', '11');
INSERT INTO `ums_role_permission_relation` VALUES ('10', '3', '5');
INSERT INTO `ums_role_permission_relation` VALUES ('11', '3', '12');
INSERT INTO `ums_role_permission_relation` VALUES ('12', '3', '13');
INSERT INTO `ums_role_permission_relation` VALUES ('13', '3', '14');
INSERT INTO `ums_role_permission_relation` VALUES ('14', '4', '6');
INSERT INTO `ums_role_permission_relation` VALUES ('15', '4', '15');
INSERT INTO `ums_role_permission_relation` VALUES ('16', '4', '16');
INSERT INTO `ums_role_permission_relation` VALUES ('17', '4', '17');
